entity_kind,rarity,level,exp_to_next,cumulative_exp
character,0,1,1000,0
character,0,2,1325,1000
character,0,3,1700,2325
character,0,4,2150,4025
character,0,5,2625,6175
character,0,6,3150,8800
character,0,7,3725,11950
character,0,8,4350,15675
character,0,9,5000,20025
character,0,10,5700,25025
character,0,11,6450,30725
character,0,12,7225,37175
character,0,13,8050,44400
character,0,14,8925,52450
character,0,15,9825,61375
character,0,16,10750,71200
character,0,17,11725,81950
character,0,18,12725,93675
character,0,19,13775,106400
character,0,20,14875,120175
character,0,21,16800,135050
character,0,22,18000,151850
character,0,23,19250,169850
character,0,24,20550,189100
character,0,25,21875,209650
character,0,26,23250,231525
character,0,27,24650,254775
character,0,28,26100,279425
character,0,29,27575,305525
character,0,30,29100,333100
character,0,31,30650,362200
character,0,32,32250,392850
character,0,33,33875,425100
character,0,34,35550,458975
character,0,35,37250,494525
character,0,36,38975,531775
character,0,37,40750,570750
character,0,38,42575,611500
character,0,39,44425,654075
character,0,40,46300,698500
character,0,41,50625,744800
character,0,42,52700,795425
character,0,43,54775,848125
character,0,44,56900,902900
character,0,45,59075,959800
character,0,46,61275,1018875
character,0,47,63525,1080150
character,0,48,65800,1143675
character,0,49,68125,1209475
character,0,50,70475,1277600
character,0,51,76500,1348075
character,0,52,79050,1424575
character,0,53,81650,1503625
character,0,54,84275,1585275
character,0,55,86950,1669550
character,0,56,89650,1756500
character,0,57,92400,1846150
character,0,58,95175,1938550
character,0,59,98000,2033725
character,0,60,100875,2131725
character,0,61,108950,2232600
character,0,62,112050,2341550
character,0,63,115175,2453600
character,0,64,118325,2568775
character,0,65,121525,2687100
character,0,66,124775,2808625
character,0,67,128075,2933400
character,0,68,131400,3061475
character,0,69,134775,3192875
character,0,70,138175,3327650
character,0,71,148700,3465825
character,0,72,152375,3614525
character,0,73,156075,3766900
character,0,74,159825,3922975
character,0,75,163600,4082800
character,0,76,167425,4246400
character,0,77,171300,4413825
character,0,78,175225,4585125
character,0,79,179175,4760350
character,0,80,183175,4939525
character,0,81,216225,5122700
character,0,82,243025,5338925
character,0,83,273100,5581950
character,0,84,306800,5855050
character,0,85,344600,6161850
character,0,86,386950,6506450
character,0,87,434425,6893400
character,0,88,487625,7327825
character,0,89,547200,7815450
character,0,90,,8362650
weapon,1,1,125,0
weapon,1,2,200,125
weapon,1,3,275,325
weapon,1,4,350,600
weapon,1,5,475,950
weapon,1,6,575,1425
weapon,1,7,700,2000
weapon,1,8,850,2700
weapon,1,9,1000,3550
weapon,1,10,1150,4550
weapon,1,11,1300,5700
weapon,1,12,1475,7000
weapon,1,13,1650,8475
weapon,1,14,1850,10125
weapon,1,15,2050,11975
weapon,1,16,2250,14025
weapon,1,17,2450,16275
weapon,1,18,2675,18725
weapon,1,19,2925,21400
weapon,1,20,3150,24325
weapon,1,21,3575,27475
weapon,1,22,3825,31050
weapon,1,23,4100,34875
weapon,1,24,4400,38975
weapon,1,25,4700,43375
weapon,1,26,5000,48075
weapon,1,27,5300,53075
weapon,1,28,5600,58375
weapon,1,29,5925,63975
weapon,1,30,6275,69900
weapon,1,31,6600,76175
weapon,1,32,6950,82775
weapon,1,33,7325,89725
weapon,1,34,7675,97050
weapon,1,35,8050,104725
weapon,1,36,8425,112775
weapon,1,37,8825,121200
weapon,1,38,9225,130025
weapon,1,39,9625,139250
weapon,1,40,10025,148875
weapon,1,41,10975,158900
weapon,1,42,11425,169875
weapon,1,43,11875,181300
weapon,1,44,12350,193175
weapon,1,45,12825,205525
weapon,1,46,13300,218350
weapon,1,47,13775,231650
weapon,1,48,14275,245425
weapon,1,49,14800,259700
weapon,1,50,15300,274500
weapon,1,51,16625,289800
weapon,1,52,17175,306425
weapon,1,53,17725,323600
weapon,1,54,18300,341325
weapon,1,55,18875,359625
weapon,1,56,19475,378500
weapon,1,57,20075,397975
weapon,1,58,20675,418050
weapon,1,59,21300,438725
weapon,1,60,21925,460025
weapon,1,61,23675,481950
weapon,1,62,24350,505625
weapon,1,63,25025,529975
weapon,1,64,25700,555000
weapon,1,65,26400,580700
weapon,1,66,27125,607100
weapon,1,67,27825,634225
weapon,1,68,28550,662050
weapon,1,69,29275,690600
weapon,1,70,,719875
weapon,2,1,175,0
weapon,2,2,275,175
weapon,2,3,400,450
weapon,2,4,550,850
weapon,2,5,700,1400
weapon,2,6,875,2100
weapon,2,7,1050,2975
weapon,2,8,1250,4025
weapon,2,9,1475,5275
weapon,2,10,1700,6750
weapon,2,11,1950,8450
weapon,2,12,2225,10400
weapon,2,13,2475,12625
weapon,2,14,2775,15100
weapon,2,15,3050,17875
weapon,2,16,3375,20925
weapon,2,17,3700,24300
weapon,2,18,4025,28000
weapon,2,19,4375,32025
weapon,2,20,4725,36400
weapon,2,21,5350,41125
weapon,2,22,5750,46475
weapon,2,23,6175,52225
weapon,2,24,6600,58400
weapon,2,25,7025,65000
weapon,2,26,7475,72025
weapon,2,27,7950,79500
weapon,2,28,8425,87450
weapon,2,29,8900,95875
weapon,2,30,9400,104775
weapon,2,31,9900,114175
weapon,2,32,10450,124075
weapon,2,33,10975,134525
weapon,2,34,11525,145500
weapon,2,35,12075,157025
weapon,2,36,12650,169100
weapon,2,37,13225,181750
weapon,2,38,13825,194975
weapon,2,39,14425,208800
weapon,2,40,15050,223225
weapon,2,41,16450,238275
weapon,2,42,17125,254725
weapon,2,43,17825,271850
weapon,2,44,18525,289675
weapon,2,45,19225,308200
weapon,2,46,19950,327425
weapon,2,47,20675,347375
weapon,2,48,21425,368050
weapon,2,49,22175,389475
weapon,2,50,22950,411650
weapon,2,51,24925,434600
weapon,2,52,25750,459525
weapon,2,53,26600,485275
weapon,2,54,27450,511875
weapon,2,55,28325,539325
weapon,2,56,29225,567650
weapon,2,57,30100,596875
weapon,2,58,31025,626975
weapon,2,59,31950,658000
weapon,2,60,32875,689950
weapon,2,61,35500,722825
weapon,2,62,36500,758325
weapon,2,63,37525,794825
weapon,2,64,38575,832350
weapon,2,65,39600,870925
weapon,2,66,40675,910525
weapon,2,67,41750,951200
weapon,2,68,42825,992950
weapon,2,69,43900,1035775
weapon,2,70,,1079675
weapon,3,1,275,0
weapon,3,2,425,275
weapon,3,3,600,700
weapon,3,4,800,1300
weapon,3,5,1025,2100
weapon,3,6,1275,3125
weapon,3,7,1550,4400
weapon,3,8,1850,5950
weapon,3,9,2175,7800
weapon,3,10,2500,9975
weapon,3,11,2875,12475
weapon,3,12,3250,15350
weapon,3,13,3650,18600
weapon,3,14,4050,22250
weapon,3,15,4500,26300
weapon,3,16,4950,30800
weapon,3,17,5400,35750
weapon,3,18,5900,41150
weapon,3,19,6425,47050
weapon,3,20,6925,53475
weapon,3,21,7850,60400
weapon,3,22,8425,68250
weapon,3,23,9050,76675
weapon,3,24,9675,85725
weapon,3,25,10325,95400
weapon,3,26,10975,105725
weapon,3,27,11650,116700
weapon,3,28,12350,128350
weapon,3,29,13050,140700
weapon,3,30,13800,153750
weapon,3,31,14525,167550
weapon,3,32,15300,182075
weapon,3,33,16100,197375
weapon,3,34,16900,213475
weapon,3,35,17700,230375
weapon,3,36,18550,248075
weapon,3,37,19400,266625
weapon,3,38,20275,286025
weapon,3,39,21175,306300
weapon,3,40,22050,327475
weapon,3,41,24150,349525
weapon,3,42,25125,373675
weapon,3,43,26125,398800
weapon,3,44,27150,424925
weapon,3,45,28200,452075
weapon,3,46,29250,480275
weapon,3,47,30325,509525
weapon,3,48,31425,539850
weapon,3,49,32550,571275
weapon,3,50,33650,603825
weapon,3,51,36550,637475
weapon,3,52,37775,674025
weapon,3,53,39000,711800
weapon,3,54,40275,750800
weapon,3,55,41550,791075
weapon,3,56,42850,832625
weapon,3,57,44150,875475
weapon,3,58,45500,919625
weapon,3,59,46850,965125
weapon,3,60,48225,1011975
weapon,3,61,52075,1060200
weapon,3,62,53550,1112275
weapon,3,63,55050,1165825
weapon,3,64,56550,1220875
weapon,3,65,58100,1277425
weapon,3,66,59650,1335525
weapon,3,67,61225,1395175
weapon,3,68,62800,1456400
weapon,3,69,64400,1519200
weapon,3,70,66025,1583600
weapon,3,71,71075,1649625
weapon,3,72,72825,1720700
weapon,3,73,74575,1793525
weapon,3,74,76350,1868100
weapon,3,75,78150,1944450
weapon,3,76,80000,2022600
weapon,3,77,81850,2102600
weapon,3,78,83700,2184450
weapon,3,79,85575,2268150
weapon,3,80,87500,2353725
weapon,3,81,103275,2441225
weapon,3,82,116075,2544500
weapon,3,83,130425,2660575
weapon,3,84,146500,2791000
weapon,3,85,164550,2937500
weapon,3,86,184775,3102050
weapon,3,87,207400,3286825
weapon,3,88,232775,3494225
weapon,3,89,261200,3727000
weapon,3,90,,3988200
weapon,4,1,400,0
weapon,4,2,625,400
weapon,4,3,900,1025
weapon,4,4,1200,1925
weapon,4,5,1550,3125
weapon,4,6,1950,4675
weapon,4,7,2350,6625
weapon,4,8,2800,8975
weapon,4,9,3300,11775
weapon,4,10,3800,15075
weapon,4,11,4350,18875
weapon,4,12,4925,23225
weapon,4,13,5525,28150
weapon,4,14,6150,33675
weapon,4,15,6800,39825
weapon,4,16,7500,46625
weapon,4,17,8200,54125
weapon,4,18,8950,62325
weapon,4,19,9725,71275
weapon,4,20,10500,81000
weapon,4,21,11900,91500
weapon,4,22,12775,103400
weapon,4,23,13700,116175
weapon,4,24,14650,129875
weapon,4,25,15625,144525
weapon,4,26,16625,160150
weapon,4,27,17650,176775
weapon,4,28,18700,194425
weapon,4,29,19775,213125
weapon,4,30,20900,232900
weapon,4,31,22025,253800
weapon,4,32,23200,275825
weapon,4,33,24375,299025
weapon,4,34,25600,323400
weapon,4,35,26825,349000
weapon,4,36,28100,375825
weapon,4,37,29400,403925
weapon,4,38,30725,433325
weapon,4,39,32075,464050
weapon,4,40,33425,496125
weapon,4,41,36575,529550
weapon,4,42,38075,566125
weapon,4,43,39600,604200
weapon,4,44,41150,643800
weapon,4,45,42725,684950
weapon,4,46,44325,727675
weapon,4,47,45950,772000
weapon,4,48,47600,817950
weapon,4,49,49300,865550
weapon,4,50,51000,914850
weapon,4,51,55375,965850
weapon,4,52,57225,1021225
weapon,4,53,59100,1078450
weapon,4,54,61025,1137550
weapon,4,55,62950,1198575
weapon,4,56,64925,1261525
weapon,4,57,66900,1326450
weapon,4,58,68925,1393350
weapon,4,59,70975,1462275
weapon,4,60,73050,1533250
weapon,4,61,78900,1606300
weapon,4,62,81125,1685200
weapon,4,63,83400,1766325
weapon,4,64,85700,1849725
weapon,4,65,88025,1935425
weapon,4,66,90375,2023450
weapon,4,67,92750,2113825
weapon,4,68,95150,2206575
weapon,4,69,97575,2301725
weapon,4,70,100050,2399300
weapon,4,71,107675,2499350
weapon,4,72,110325,2607025
weapon,4,73,113000,2717350
weapon,4,74,115700,2830350
weapon,4,75,118425,2946050
weapon,4,76,121200,3064475
weapon,4,77,124000,3185675
weapon,4,78,126825,3309675
weapon,4,79,129675,3436500
weapon,4,80,132575,3566175
weapon,4,81,156475,3698750
weapon,4,82,175875,3855225
weapon,4,83,197600,4031100
weapon,4,84,221975,4228700
weapon,4,85,249300,4450675
weapon,4,86,279950,4699975
weapon,4,87,314250,4979925
weapon,4,88,352700,5294175
weapon,4,89,395775,5646875
weapon,4,90,,6042650
weapon,5,1,600,0
weapon,5,2,950,600
weapon,5,3,1350,1550
weapon,5,4,1800,2900
weapon,5,5,2325,4700
weapon,5,6,2925,7025
weapon,5,7,3525,9950
weapon,5,8,4200,13475
weapon,5,9,4950,17675
weapon,5,10,5700,22625
weapon,5,11,6525,28325
weapon,5,12,7400,34850
weapon,5,13,8300,42250
weapon,5,14,9225,50550
weapon,5,15,10200,59775
weapon,5,16,11250,69975
weapon,5,17,12300,81225
weapon,5,18,13425,93525
weapon,5,19,14600,106950
weapon,5,20,15750,121550
weapon,5,21,17850,137300
weapon,5,22,19175,155150
weapon,5,23,20550,174325
weapon,5,24,21975,194875
weapon,5,25,23450,216850
weapon,5,26,24950,240300
weapon,5,27,26475,265250
weapon,5,28,28050,291725
weapon,5,29,29675,319775
weapon,5,30,31350,349450
weapon,5,31,33050,380800
weapon,5,32,34800,413850
weapon,5,33,36575,448650
weapon,5,34,38400,485225
weapon,5,35,40250,523625
weapon,5,36,42150,563875
weapon,5,37,44100,606025
weapon,5,38,46100,650125
weapon,5,39,48125,696225
weapon,5,40,50150,744350
weapon,5,41,54875,794500
weapon,5,42,57125,849375
weapon,5,43,59400,906500
weapon,5,44,61725,965900
weapon,5,45,64100,1027625
weapon,5,46,66500,1091725
weapon,5,47,68925,1158225
weapon,5,48,71400,1227150
weapon,5,49,73950,1298550
weapon,5,50,76500,1372500
weapon,5,51,83075,1449000
weapon,5,52,85850,1532075
weapon,5,53,88650,1617925
weapon,5,54,91550,1706575
weapon,5,55,94425,1798125
weapon,5,56,97400,1892550
weapon,5,57,100350,1989950
weapon,5,58,103400,2090300
weapon,5,59,106475,2193700
weapon,5,60,109575,2300175
weapon,5,61,118350,2409750
weapon,5,62,121700,2528100
weapon,5,63,125100,2649800
weapon,5,64,128550,2774900
weapon,5,65,132050,2903450
weapon,5,66,135575,3035500
weapon,5,67,139125,3171075
weapon,5,68,142725,3310200
weapon,5,69,146375,3452925
weapon,5,70,150075,3599300
weapon,5,71,161525,3749375
weapon,5,72,165500,3910900
weapon,5,73,169500,4076400
weapon,5,74,173550,4245900
weapon,5,75,177650,4419450
weapon,5,76,181800,4597100
weapon,5,77,186000,4778900
weapon,5,78,190250,4964900
weapon,5,79,194525,5155150
weapon,5,80,198875,5349675
weapon,5,81,234725,5548550
weapon,5,82,263825,5783275
weapon,5,83,296400,6047100
weapon,5,84,332975,6343500
weapon,5,85,373950,6676475
weapon,5,86,419925,7050425
weapon,5,87,471375,7470350
weapon,5,88,529050,7941725
weapon,5,89,593675,8470775
weapon,5,90,,9064450
